{"cameraMode":{"drawMode":0,"name":"Shaded","section":"Shading Mode"},"sceneLighting":true,"audioPlay":false,"sceneViewState":{"m_AlwaysRefresh":false,"showFog":true,"showSkybox":true,"showFlares":true,"showImageEffects":true,"showParticleSystems":true,"showVisualEffectGraphs":true,"m_FxEnabled":true},"in2DMode":false,"pivot":{"x":-1.7127346992492676,"y":-8.674260139465332,"z":4.136045455932617},"rotation":{"x":0.4295519292354584,"y":-0.005419496446847916,"z":0.0025746559258550407,"w":0.9030370116233826},"size":8.652596473693848,"orthographic":false}